matrix_size,mpf_time,lapack_time
3,68.7007550760,1.8278759650
